"state","date","fips","cases","deaths","total_population","pop_age_65","pop_age_75","pop_age_85","pop_age_75_plus","pop_age_65_plus","poverty_65_plus","poverty_some_college","poverty_bachelor","percent_in_poverty","population_in_poverty","poverty_higher_edu","edu_assoc_under_24","edu_bachelor_under_24","edu_nodegree_over_25","edu_assoc_over_25","edu_bachelor_over_25","edu_bachelor_over_65","edu_hs_under_24","edu_hs_over_25","edu_higher_edu_18_plus","edu_higher_edu_25_plus","edu_hs_18_plus","edu_hs_or_higher_18_plus","edu_hs_or_higher_25_plus","total_housing_units","less_than_1person_room","more_than_1person_room","more_than_1.5person_room","one_plus_person_room","total_households","with_computer","wo_computer","with_internet","wo_internet","wo_computer_pct","wo_internet_pct","landarea","casesperlakh","deathsperlakh","pop_den","log_pop_den","house_per_capita","hs_edu_18_plus_percent","hs_edu_25_plus_percent","hs_or_higher_18_plus_percent","hs_or_higher_25_plus_percent","higher_edu_18_plus_per_capita","higher_edu_25_plus_per_capita","pct_age_65_plus","pct_age_75_plus","pct_age_85_plus"
"Alabama",2021-03-26,1,513580,10523,4903185,505557,264071,84684,348755,854312,87821,104971,37725,15.5,4781688,142696,207319,34996,700473,301914,885357,197953,158761,1039241,2130059,1887744,1198002,3328061,2926985,2284922,1868767,21837,6972,28809,1897576,1696826,200750,1554796,342780,0.105792864159327,0.18064098618448,50645,10474.4161193184,214.615601899582,96.8147892190739,1.98594170426746,0.466007707235195,0.244331388678991,0.211952231049818,0.678754931743346,0.596955856244461,0.434423543064355,0.385003625194644,0.174236134267828,0.0711282564292394,0.0172712226848467
"Alaska",2021-03-26,2,61744,299,731545,61658,22265,6665,28930,90588,6160,11030,4631,10.1,713725,15661,28997,3121,124261,43394,146157,27861,27173,139156,345930,313812,166329,512259,452968,319867,235229,9808,7162,16970,252199,240277,11922,221864,30335,0.0472721937834805,0.120281999532116,570641,8440.21898857897,40.8724001941097,1.28197062601531,0.107878074242382,0.437248562972886,0.227366737521273,0.190222064261255,0.700242637158343,0.619193624452358,0.472875899637069,0.428971560191102,0.123831069858997,0.0395464393851369,0.00911085442453984
"Arizona",2021-03-26,4,838558,16898,7278717,751831,424605,130805,555410,1307241,116689,159520,70436,13.5,7116266,229956,276860,69933,1236845,431854,1492158,405406,246748,1170685,3507650,3160857,1417433,4925083,4331542,3076048,2554926,78808,36707,115515,2670441,2526296,144145,2334078,336363,0.0539779759223289,0.12595784741172,113594,11520.6842084944,232.156298974119,64.0765973554941,1.80669944145058,0.42260854488504,0.194736654825294,0.160836724384256,0.676641638904219,0.595096910623122,0.481904984078925,0.434260186238866,0.179597723060259,0.0763060303072643,0.0179708869021834
"Arkansas",2021-03-26,5,329695,5583,3017804,303422,162243,58572,220815,524237,53496,71462,23019,16.2,2929117,94481,126196,25465,444052,151738,475367,107327,97402,710306,1222818,1071157,807708,2030526,1781463,1389159,1130702,25102,7843,32945,1163647,1040974,122673,931953,231694,0.10542114575984,0.199110211258225,52035,10924.997117109,185.002074356055,57.9956567694821,1.76339547094785,0.460321147430383,0.267647600705679,0.235371813411342,0.672848866261692,0.590317661451837,0.405201265556014,0.354945848040496,0.173714727662897,0.073170755953667,0.0194088151516798
"California",2021-03-26,6,3656693,58603,39512223,3391856,1725842,717300,2443142,5834998,599877,674644,423517,11.8,38733295,1098161,1736881,427410,5542372,2118792,9428484,1883186,1151214,5546711,19253939,17089648,6697925,25951864,22636359,14367012,12082511,687977,387385,1075362,13157873,12513521,644352,11836937,1320936,0.0489708328998159,0.100391301846431,155779,9254.58686543655,148.316129922632,253.642808080678,2.40422255261772,0.363609306416397,0.169515266200031,0.140379623793883,0.656805971154799,0.572895101346234,0.487290704954768,0.432515477552351,0.147675771115181,0.0618325625465315,0.0181538760803208
"Colorado",2021-03-26,8,458106,6161,5758736,524969,231835,88574,320409,845378,59512,94487,60367,9.3,5637904,154854,221559,72398,805570,334961,1695602,331298,167955,836590,3130090,2836133,1004545,4134635,3672723,2464109,2175409,40248,19446,59694,2235103,2139280,95823,2038559,196544,0.0428718497536803,0.087935097398196,103642,7954.97484170137,106.985282881521,55.5637289901777,1.74479138439302,0.427890599603802,0.174438453160555,0.145273198840857,0.717976132262358,0.637765474923664,0.543537679101803,0.492492276082807,0.146799228163958,0.0556387721194373,0.0153808057879368
"Connecticut",2021-03-26,9,305210,7865,3565287,352559,187950,88523,276473,629032,44320,46241,32216,10,3460446,78457,147669,56431,410972,190700,994548,215381,102175,668361,1800320,1596220,770536,2570856,2264581,1524959,1354879,14981,7306,22287,1377166,1282417,94749,1222955,154211,0.0687999848965194,0.111977060136541,4842,8560.60115216531,220.59935146876,736.325278810409,2.86706971051258,0.427724051387728,0.216121731574485,0.18746344964655,0.721079677456541,0.635174952254896,0.504957945882057,0.447711502608345,0.176432360143798,0.0775457908437666,0.0248291371774558
"Delaware",2021-03-26,10,93325,1536,973764,112847,57991,18800,76791,189638,13532,13679,8182,11.3,944955,21861,38168,8262,128063,56885,228199,56389,26864,207642,459577,413147,234506,694083,620789,443764,369485,4838,1916,6754,376239,354092,22147,334478,41761,0.05886417941787,0.110995936093813,1949,9583.9443643429,157.738425326876,499.622370446383,2.69864187554661,0.45572027719242,0.240824265427763,0.213236472081531,0.71278359027444,0.637514839324518,0.471959324846677,0.424278367242987,0.194747392592045,0.078859970177579,0.0193065260165707
"Florida",2021-03-26,12,2033171,33115,21477737,2463083,1474050,561065,2035115,4498198,474898,420035,247191,12.7,21048884,667226,755137,187532,3001381,1538727,4753637,1314017,565965,4396122,10236414,9293745,4962087,15198501,13689867,9674053,7676144,161753,67935,229688,7905832,7470061,435771,6875957,1029875,0.0551201948131455,0.130267756764879,53625,9466.41166152654,154.182910424874,400.51724009324,2.60262121484277,0.45042236060531,0.231033977182978,0.204682737292109,0.707639776015509,0.637398018236279,0.476605798832531,0.43271528094417,0.209435379528113,0.0947546289443809,0.0261230966744774
"Georgia",2021-03-26,13,1028447,18275,10617423,933722,444890,144580,589470,1523192,155317,182111,87756,13.3,10332523,269867,420323,103363,1414554,568130,2301568,408083,355413,1939945,4807938,4284252,2295358,7103296,6224197,4378350,3773378,57140,22196,79336,3852714,3565892,286822,3282084,570630,0.0744467406612585,0.148111175654357,57513,9686.40883950842,172.122745792458,184.609097073705,2.266253098161,0.412374076082304,0.216187864041962,0.182713357092394,0.669022605579527,0.586224830639224,0.452834741537565,0.40351147354683,0.143461553712233,0.055519121730386,0.0136172402663057
"Hawaii",2021-03-26,15,29322,456,1415872,153238,78564,37668,116232,269470,23033,21706,13116,9.3,1379078,34822,48997,9786,205964,106096,335209,85559,51471,273421,706052,647269,324892,1030944,920690,550328,425553,22772,16974,39746,465299,432658,32641,410299,55000,0.070150591340192,0.118203563729989,6423,2070.94991637662,32.2063011345658,220.437801650319,2.34328607130691,0.388684852868056,0.229464245355512,0.193111382949871,0.728133616598111,0.650263583148759,0.498669371242598,0.457152200198888,0.190320876463409,0.0820921665235275,0.0266040998056321
"Idaho",2021-03-26,16,179313,1957,1787065,174120,86347,28150,114497,288617,19511,35925,12594,11.2,1753946,48519,71369,12857,304578,124584,336655,80885,62538,305274,850043,765817,367812,1217855,1071091,751113,637259,14113,4487,18600,655859,620888,34971,582464,73395,0.0533209119643094,0.11190667506278,82643,10033.9383290479,109.50916726588,21.6239124910761,1.33493427516571,0.420305361024921,0.205819038479294,0.170824228553522,0.681483326012204,0.599357605906892,0.47566428753291,0.42853337735337,0.161503358859359,0.0640698575597418,0.0157520851228131
"Illinois",2021-03-26,17,1236528,23472,12671821,1182015,609326,254020,863346,2045361,170042,216429,119577,11.5,12373209,336006,512846,171311,1737416,710058,3108972,562900,342491,2255611,6240603,5556446,2598102,8838705,7812057,5388210,4755298,77456,33252,110708,4866006,4487080,378926,4192520,673486,0.0778720782506228,0.138406323378968,55519,9758.09238466989,185.229889216396,228.24296186891,2.35839739444896,0.425211972296641,0.205029884812925,0.17800211982161,0.697508669038175,0.61649047915055,0.492478784225251,0.438488359328939,0.161410187217765,0.068131170729132,0.0200460533651793
"Indiana",2021-03-26,18,685382,13002,6732219,637375,319196,127901,447097,1084472,80303,106562,49513,11.9,6517430,156075,262282,71209,896654,397627,1212826,235394,235436,1526825,2840598,2507107,1762261,4602859,4033932,2921115,2558737,29341,9687,39028,2597765,2367468,230297,2187463,410302,0.0886519758330719,0.157944232830914,35826,10180.6254371701,193.130972120782,187.914335957126,2.27395991362674,0.433900768825257,0.261765251546333,0.226793721356955,0.683706070762107,0.599197976179919,0.421940819215774,0.372404254822964,0.161086857097192,0.0664115353347834,0.0189983421513768
"Iowa",2021-03-26,19,349055,5716,3155070,311643,165190,76742,241932,553575,39327,55724,25135,11.2,3058938,80859,155502,31429,433870,251578,622253,130485,91070,658822,1494632,1307701,749892,2244524,1966523,1418600,1263905,17045,6271,23316,1287221,1176030,111191,1086816,200405,0.0863806603528065,0.155688106393541,55857,11063.3044591721,181.168722088575,56.4847736183468,1.75193139251438,0.449625523363982,0.23767840333178,0.208813750566548,0.711402282675186,0.623289816073811,0.473723879343406,0.414476065507263,0.175455695119284,0.0766803906094001,0.0243233906062306
"Kansas",2021-03-26,20,303710,4891,2913314,274666,140129,63201,203330,477996,33350,51770,20460,11.4,2826818,72230,137231,31534,430549,173251,652489,143932,92290,504035,1425054,1256289,596325,2021379,1760324,1288430,1116358,15028,6943,21971,1138329,1057634,80695,972685,165644,0.0708889960635282,0.145515048812777,81759,10424.8975565284,167.884409301572,35.6329456084345,1.55185172492223,0.442255795290175,0.204689573454835,0.173010873527536,0.693841789796774,0.604234215741935,0.489152216341939,0.431223342214399,0.164072942360487,0.0697933693381489,0.0216938510575928
"Kentucky",2021-03-26,21,427650,6041,4467673,454932,222988,76639,299627,754559,85199,90770,30789,16.3,4326675,121559,171776,40426,619035,260188,765923,156737,154324,1012643,1857348,1645146,1166967,3024315,2657789,2006335,1711420,26883,10429,37312,1748732,1576667,172065,1458035,290697,0.098394150733217,0.166233019124714,39486,9572.09715214162,135.215804737724,113.145747860001,2.05363823733947,0.449078300941004,0.261202420141313,0.226660053231291,0.67693293578111,0.594893359473713,0.415730515639797,0.368233306242422,0.168893068046833,0.0670655618707994,0.0171541202769316
"Louisiana",2021-03-26,22,443069,10087,4648794,446721,220113,75360,295473,742194,95736,103928,40577,19,4515876,144505,172021,36144,646746,202310,784275,168430,148611,1066026,1841496,1633331,1214637,3056133,2699357,2089824,1700595,32004,8477,40481,1741076,1556201,184875,1405495,335581,0.106184336582665,0.192743452899242,43204,9530.83746021011,216.981006256676,107.601009165818,2.03181634450036,0.449541106790277,0.261280022302558,0.229312376500228,0.657403403979613,0.580657478046995,0.396123381677054,0.351345101546767,0.159653019686396,0.0635590649962119,0.016210655924956
"Maine",2021-03-26,23,49443,731,1344212,169556,81769,34653,116422,285978,23542,25479,13458,10.9,1304100,38937,44531,13681,184723,99008,328999,91402,36951,311108,670942,612730,348059,1019001,923838,750964,564971,4560,4087,8647,573618,528336,45282,489684,83934,0.0789410374151439,0.146323860129912,30843,3678.21444831619,54.3813029492372,43.5824011931394,1.63931115423062,0.558664853460615,0.258931626856478,0.231442659342425,0.758065692018818,0.687271055458514,0.49913406516234,0.455828396116089,0.212747691584363,0.0866098502319575,0.0257794157469209
"Maryland",2021-03-26,24,405528,8232,6045680,564533,281807,113547,395354,959887,73398,77280,53933,9,5898360,131213,219949,84975,753547,287293,1710230,342229,161982,1030636,3055994,2751070,1192618,4248612,3781706,2470307,2174389,35353,17025,52378,2226767,2099142,127625,1986802,239965,0.0573140342029498,0.107763856748371,9707,6707.73180188167,136.163343081341,622.816524157824,2.7943601264641,0.40860697225126,0.197267801140649,0.17047478530124,0.702751716928451,0.625522025644758,0.505483915787802,0.455047240343518,0.15877237961652,0.06539446348467,0.0187815101030819
"Massachusetts",2021-03-26,25,624986,17051,6892503,676157,336202,159934,496136,1172293,103160,90543,77978,9.4,6656430,168521,305223,134736,729016,360810,2181743,415121,186819,1158066,3711528,3271569,1344885,5056413,4429635,2928818,2595549,37696,17435,55131,2650680,2477606,173074,2362113,288567,0.0652941886610228,0.108865272307483,7800,9067.62028250115,247.384730917056,883.654230769231,2.94628236111644,0.424928070397648,0.195122874810501,0.16801820760905,0.73361056208463,0.642674366627044,0.53848768727413,0.474656159017994,0.170082334385636,0.0719819780999733,0.0232040522869558
"Michigan",2021-03-26,26,718182,17015,9986857,1041813,510903,213693,724596,1766409,144601,209522,80991,13,9772151,290513,411141,110041,1572770,648794,2070795,450271,308027,2005981,4813541,4292359,2314008,7127549,6298340,4629605,3904649,49100,16131,65231,3969880,3662456,307424,3420792,549088,0.0774391165476035,0.13831350065997,56539,7191.27148811683,170.373922446271,176.636604821451,2.24708070844109,0.46356976974838,0.231705330315634,0.200862093048894,0.713692906587127,0.630662880223478,0.481987576271494,0.429800787174584,0.176873364663177,0.0725549589825908,0.021397422632566
"Minnesota",2021-03-26,27,512175,6899,5639632,533366,276534,111591,388125,921491,66431,88975,38937,9,5515416,127912,211729,74069,785721,442578,1433226,274476,144744,939997,2947323,2661525,1084741,4032064,3601522,2477515,2175902,31279,15387,46666,2222568,2080782,141786,1962086,260482,0.063793773688814,0.117198663887899,79627,9081.70958672481,122.33067689523,70.8256244741105,1.85019041241188,0.439304373051291,0.192342514547048,0.166677010131157,0.714951613864167,0.638609398627428,0.522609099317119,0.471932388496271,0.163395590350576,0.0688209798086116,0.0197869293599299
"Mississippi",2021-03-26,28,304210,6998,2976149,289064,143319,54421,197740,486804,62566,81689,24171,19.6,2877843,105860,148517,20263,440939,207448,441751,104972,84574,598609,1258918,1090138,683183,1942101,1688747,1339047,1071122,17807,11300,29107,1100229,964097,136132,847509,252720,0.123730605174014,0.229697635674028,46923,10221.598448196,235.136076856367,63.4262302069348,1.8022688994949,0.449926062169602,0.229552687046247,0.201135427023311,0.652555030006898,0.567426899661274,0.423002342960651,0.366291472637963,0.16356842348955,0.0664415659296628,0.0182857108296661
"Missouri",2021-03-26,29,582660,8910,6137428,609250,327032,121661,448693,1057943,91208,120743,45390,12.9,5953025,166133,241357,65355,900486,333721,1271281,254218,188594,1308859,2812200,2505488,1497453,4309653,3814347,2819334,2411959,35242,11136,46378,2458337,2255796,202541,2090744,367593,0.0823894364360948,0.1495291329057,68742,9493.55332559502,145.174819158775,89.2820691862326,1.95076424684607,0.459367344105707,0.24398705777078,0.213258550650207,0.702192025715006,0.621489490385875,0.458204967944227,0.408230939735668,0.172375627054199,0.073107660081715,0.0198227987358874
"Montana",2021-03-26,30,104107,1435,1068778,126488,60461,20960,81421,207909,17495,22977,11245,12.6,1042682,34222,41431,9505,169641,69400,249148,62865,35316,211079,539125,488189,246395,785520,699268,519938,429266,6248,2137,8385,437651,404364,33287,374853,62798,0.0760583204425444,0.143488761593142,145546,9740.75065167883,134.265488249197,7.34323169307298,0.865887231249575,0.486478950726905,0.23053898938788,0.197495644558552,0.734970218324105,0.654268706878323,0.504431228936224,0.456773062319771,0.194529640393047,0.0761813959493927,0.0196111821163984
"Nebraska",2021-03-26,31,208213,2280,1934408,179065,91842,41388,133230,312295,24363,29829,14900,9.9,1877629,44729,88816,26974,280333,141189,422587,79215,54485,326389,959899,844109,380874,1340773,1170498,851167,757033,10706,3705,14411,771444,715015,56429,673122,98322,0.0731472407588885,0.127451895406536,76824,10763.6548235946,117.865517512335,25.1797354993231,1.40105116374691,0.440014205896584,0.196894347004355,0.168728106997076,0.693117997857743,0.60509365139102,0.496223650853388,0.436365544393944,0.161442156980327,0.0688737846410892,0.0213956931526338
"Nevada",2021-03-26,32,302655,5226,3080156,305843,149584,42792,192376,498219,47148,66912,32367,12.5,3037199,99279,95359,16539,525746,187469,548919,135789,106726,593417,1374032,1262134,700143,2074175,1855551,1285681,1094248,34725,14584,49309,1143557,1077305,66252,980739,162818,0.0579350220408777,0.142378560928751,109781,9825.96336029734,169.666731165564,28.0572776709995,1.44804553020558,0.417407754672166,0.227307642859647,0.192658099135239,0.673399334319431,0.602421111138527,0.446091691459783,0.409763012003288,0.161751222990004,0.0624565768746778,0.0138928028320644
"New Hampshire",2021-03-26,33,82374,1231,1359711,152050,72230,28867,101097,253147,15301,16333,10497,7.3,1316495,26830,54770,15431,174078,96658,368237,87824,39725,275105,709174,638973,314830,1024004,914078,642298,533101,5980,2315,8295,541396,507444,33952,484333,57063,0.0627119520646625,0.105399744364569,8953,6058.19913202144,90.5339443455264,151.872109907294,2.18147802649296,0.472378321569804,0.231541849701885,0.202326082527831,0.753104152279418,0.672259031514785,0.521562302577533,0.469932948986954,0.186177062625808,0.0743518291754645,0.021230246721546
"New Jersey",2021-03-26,34,887479,24358,8882190,837002,444063,194010,638073,1475075,126901,94399,82846,9.2,8712974,177245,320043,140579,974540,398984,2551765,475538,220673,1666321,4385911,3925289,1886994,6272905,5591610,3641854,3181127,67369,37768,105137,3286264,3077331,208933,2942667,343597,0.0635776675276241,0.104555507409021,7354,9991.66872134012,274.23416972616,1207.80391623606,3.08199643344994,0.410017574494578,0.212446930317861,0.187602494429865,0.706234048134525,0.629530554964485,0.493787117816665,0.44192806053462,0.166071092827332,0.0718373509235898,0.0218425861189639
"New Mexico",2021-03-26,35,190716,3925,2096829,224011,113221,40498,153719,377730,50190,58627,23119,18.2,2053305,81746,79527,15118,324141,129531,394598,119489,71806,376390,942915,848270,448196,1391111,1224660,948470,766890,18756,7774,26530,793420,707261,86159,626330,167090,0.108591918529909,0.21059464092158,121298,9095.44841281764,187.187414901263,17.2865916997807,1.23770937430977,0.452335407417581,0.213749428303405,0.179504384954615,0.663435597275696,0.584053349128613,0.449686168972291,0.404548964173998,0.180143445173641,0.0733102222451139,0.0193139259329206
"New York",2021-03-26,36,1831605,49363,19453561,1863892,992444,439632,1432076,3295968,384966,311513,240059,13,18932499,551572,762486,324680,2075506,1204588,5166218,989246,498422,3524192,9533478,8446312,4022614,13556092,11970504,8404205,7079237,229277,138298,367575,7446812,6844869,601943,6437819,1008993,0.0808323078385758,0.135493282226005,47126,9415.26849505857,253.747887083501,412.798900819081,2.61573853220238,0.432013706899215,0.206780342169745,0.181159223239385,0.696843729536202,0.615337418172436,0.490063387366457,0.434178194933051,0.169427489393844,0.073615108308448,0.0225990501173538
"North Carolina",2021-03-26,37,911060,12049,10488084,1047490,519151,184294,703445,1750935,156614,207621,93255,13.6,10199239,300876,456503,108514,1480044,727882,2321185,475408,320704,1839042,5094128,4529111,2159746,7253874,6368153,4748148,3952054,69372,24922,94294,4046348,3729901,316447,3457288,589060,0.0782055819222667,0.145578185563871,48618,8686.61997749065,114.882756469151,215.724299642108,2.33389906770843,0.452718342072775,0.205923789321291,0.175345849632783,0.691630044152964,0.607179824265328,0.485706254831674,0.431833974632545,0.166945173207995,0.0670708777694763,0.0175717509508886
"North Dakota",2021-03-26,38,102414,1498,762062,67281,34821,18075,52896,120177,9149,13996,4729,10.6,738814,18725,41704,10342,112811,70716,153397,28588,21467,134432,388970,336924,155899,544869,471356,379974,317559,3320,2640,5960,323519,298714,24805,273109,50410,0.0766724674594073,0.155817741770962,69001,13439.0640131643,196.571932467437,11.0442167504819,1.04313492138397,0.498612973747543,0.204575218289326,0.176405594295477,0.714993005818424,0.618527101469434,0.510417787529099,0.442121507173957,0.157699767210542,0.0694116751655377,0.0237185425857739
"Ohio",2021-03-26,39,1008913,18526,11689100,1187641,612935,242972,855907,2043548,164622,223952,88243,13.1,11362386,312195,440427,108016,1622014,702601,2356585,482678,379815,2627758,5229643,4681200,3007573,8237216,7308958,5232943,4659793,52066,18481,70547,4730340,4342217,388123,4048969,681371,0.0820497046723914,0.144042711517565,40861,8631.22909377112,158.48953298372,286.069846552948,2.45647208302088,0.447677152218734,0.25729722562045,0.224804133765645,0.704692063546381,0.625279790574125,0.447394837925931,0.40047565680848,0.174825093463141,0.0732226604272356,0.0207862025305627
"Oklahoma",2021-03-26,40,436971,4850,3956971,368463,192486,74273,266759,635222,59533,84332,28857,15.2,3841763,113189,160863,32682,596289,207896,686509,157441,136359,825284,1684239,1490694,961643,2645882,2315978,1749520,1456288,28811,10052,38863,1495151,1376767,118384,1252152,242999,0.0791786247676656,0.162524721583305,68595,11043.0680437132,122.568499996588,57.6859975216853,1.76107040696736,0.442136169307281,0.243025031014885,0.208564581342648,0.668663480222625,0.585290617495049,0.42563844920774,0.3767260361524,0.160532387020274,0.0674149494651338,0.0187701653613332
"Oregon",2021-03-26,41,163368,2384,4217737,467259,214550,85687,300237,767496,61189,98377,47583,11.4,4136542,145960,164509,39188,741058,269102,1032316,249756,114446,687243,2246173,2042476,801689,3047862,2729719,1808482,1593110,34522,21720,56242,1649352,1566512,82840,1473306,176046,0.0502257856418763,0.106736463774864,95988,3873.35673134669,56.5232018971311,43.9402529482852,1.64286255266934,0.428780172874696,0.190075625862874,0.162941169636703,0.72262969454947,0.647199908386891,0.532554068686597,0.484258738750188,0.181968671825673,0.0711843815771348,0.0203158708093938
"Pennsylvania",2021-03-26,42,1010521,25013,12801989,1353195,710194,324829,1035023,2388218,190650,196272,113279,12,12387178,309551,452714,153802,1420062,775694,2917402,601555,398207,3103046,5719674,5113158,3501253,9220927,8216204,5732580,5043104,52953,23192,76145,5119249,4642167,477082,4397526,721723,0.0931937477547976,0.14098220266293,44743,7893.46874145885,195.383701704477,286.122723107525,2.45655234969039,0.447788230407009,0.273492892393518,0.242387803957651,0.720272998203639,0.641791209162889,0.446780105810121,0.399403405205238,0.186550543044522,0.0808486087591545,0.0253733228485042
"Rhode Island",2021-03-26,44,135775,2608,1059361,107381,53019,26755,79774,187155,16103,14695,9603,10.8,1018586,24298,49918,13633,129984,64204,260275,54930,35145,212282,518014,454463,247427,765441,666745,470177,399416,5371,2387,7758,407174,374704,32470,357601,49573,0.0797447774170256,0.121748932888642,1034,12816.6885509283,246.186144288868,1024.52707930368,3.01052344173842,0.443830762129246,0.233562496637124,0.200386836970589,0.722549725730889,0.629384128734209,0.488987229093765,0.42899729176362,0.176667821450856,0.0753038860218566,0.0252557909909842
"South Carolina",2021-03-26,45,546670,9092,5148714,571319,277347,86872,364219,935538,92278,101308,41260,13.8,5003235,142568,202646,44576,725158,352549,1054559,263191,166144,1015260,2379488,2132266,1181404,3560892,3147526,2351364,1931552,30671,13692,44363,1975915,1818010,157905,1637121,338794,0.0799148748807515,0.171461829076656,30061,10617.6027644961,176.587784833261,171.27553973587,2.23369534477376,0.456689573357541,0.229456132152611,0.197187103420388,0.691608040376684,0.611322749719639,0.462151908224073,0.414135646299251,0.181703236963638,0.0707398002685719,0.0168725627409097
"South Dakota",2021-03-26,46,116833,1928,884659,90443,44057,19299,63356,153799,11387,13819,5104,11.9,854648,18923,33736,8527,120476,69831,174784,38123,27882,176644,407354,365091,204526,611880,541735,401749,346846,4699,2254,6953,353799,323725,30074,301600,52199,0.0850030667130207,0.147538574162166,75811,13206.5575549449,217.937080841319,11.6692696310562,1.06704367480044,0.454128652961197,0.231191905581699,0.199674676909408,0.691656333118185,0.612365894655455,0.460464427536486,0.412691217746047,0.173851167512002,0.0716162950922333,0.021815185286082
"Tennessee",2021-03-26,47,792724,11713,6829174,680190,341410,117365,458775,1138965,107259,121723,55218,13.9,6656385,176941,268300,71477,953282,348886,1348224,262766,216695,1480753,2990169,2650392,1697448,4687617,4131145,3028437,2604736,36827,13174,50001,2654737,2403271,251466,2207011,447726,0.0947235074510206,0.168651734616273,41235,11607.9045577108,171.51415383471,165.615957317813,2.21910217931598,0.443455826429375,0.248558317594485,0.216827540197394,0.686410538082644,0.604926013014165,0.437852220488159,0.388098472816771,0.166779320603048,0.0671786954029872,0.0171858265728769
"Texas",2021-03-26,48,2776890,48126,28995881,2259341,1081125,398261,1479386,3738727,389061,480721,230464,13.6,28361423,711185,1189979,267539,3976607,1402600,5776533,1023220,977096,4734422,12613258,11155740,5711518,18324776,15890162,11283892,9515056,332024,138046,470070,9985126,9347940,637186,8625976,1359150,0.0638135162240316,0.136117461111657,261232,9576.84300056273,165.975298353583,110.996665798983,2.04530993331953,0.389154997566723,0.196976874060147,0.163279122300164,0.6319785903384,0.54801445763969,0.435001716278253,0.384735335339526,0.128939934606574,0.0510205570232544,0.013735088787266
"Utah",2021-03-26,49,383771,2091,3205958,219213,109412,36573,145985,365198,22492,43244,25795,8.9,3157996,69039,179473,25653,486888,184777,664661,117339,120041,442206,1541452,1336326,562247,2103699,1778532,1133543,989096,27867,6892,34759,1023855,992186,31669,932331,91524,0.0309311377099296,0.08939156423517,82170,11970.5560709155,65.2223142037419,39.0161616161616,1.59124454155987,0.353573877137505,0.175375659943143,0.137932561811477,0.656184204534183,0.554758359279816,0.48080854459104,0.416825797468339,0.113912284565175,0.0455355310331576,0.0114078225603704
"Vermont",2021-03-26,50,18498,224,623989,75354,35553,14294,49847,125201,7471,10065,6568,10.2,599030,16633,30622,7830,74468,38706,172272,44987,21257,129254,323898,285446,150511,474409,414700,339412,257663,2084,3020,5104,262767,242122,20645,220944,41823,0.0785677044682171,0.159163821941111,9217,2964.47533530239,35.8980687159549,67.6997938591733,1.83058734629283,0.543939075849094,0.241207777701209,0.20714147204518,0.760284235779797,0.664595048951183,0.519076458078588,0.457453576906003,0.200646165236887,0.0798844210394734,0.0229074550993687
"Virginia",2021-03-26,51,612062,10154,8535519,809641,396708,151987,548695,1358336,93924,113325,77670,9.9,8279357,190995,347387,105794,1107258,468107,2325070,450394,273942,1387610,4353616,3900435,1661552,6015168,5288045,3562258,3128340,46787,16720,63507,3191847,2969939,221908,2773184,418663,0.0695233825430856,0.13116637482937,39490,7170.76489431984,118.961717500717,216.143808559129,2.33474279967945,0.417345213571664,0.194663265350355,0.16256890764346,0.704721997572731,0.619534090428479,0.510058732222376,0.456965182785019,0.15913923921908,0.0642837301399013,0.0178064157551521
"Washington",2021-03-26,53,362403,5288,7614893,736308,340740,130637,471377,1207685,88820,147993,70045,9.8,7470152,218038,273485,77397,1199747,527524,1955632,415801,217078,1167347,4033785,3682903,1384425,5418210,4850250,3195098,2828408,66815,37254,104069,2932477,2803108,129369,2679988,252489,0.0441159470304456,0.0861009310558958,66456,4759.13450129897,69.442866761227,114.58548513302,2.059129607807,0.419585409801556,0.181804918335688,0.153297886129194,0.71152805430096,0.636942633337067,0.529723135965272,0.483644747207873,0.158595137187089,0.0619019860160872,0.0171554610156702
"West Virginia",2021-03-26,54,139750,2628,1792147,217526,107764,42110,149874,367400,33372,35529,10915,16,1739050,46444,59009,15189,229877,101267,269706,63873,59355,515431,675048,600850,574786,1249834,1116281,894983,719669,6497,2009,8506,728175,640195,87980,592971,135204,0.120822604456346,0.185675146771037,24038,7797.90943488453,146.639756671746,74.5547466511357,1.87247529874504,0.499391511968605,0.320724806614636,0.287605313626617,0.697394800761321,0.622873570081026,0.376669994146686,0.335268256454409,0.205005504570775,0.0836281845183459,0.0234969564438631
"Wisconsin",2021-03-26,55,633154,7272,5822434,597951,295832,126113,421945,1019896,73581,95948,38356,10.4,5675557,134304,242159,64092,804271,438381,1258379,257750,181487,1223392,2807282,2501031,1404879,4212161,3724423,2725153,2350026,28102,8495,36597,2386623,2189321,197302,2064066,322557,0.0826699482909534,0.135152053759643,54158,10874.386897301,124.896220377938,107.508290557258,2.03144195638592,0.468043605131462,0.24128723485745,0.210116937349569,0.723436452864902,0.639667705980008,0.482149218007452,0.429550768630439,0.175166605581102,0.0724688334809806,0.0216598419149105
"Wyoming",2021-03-26,56,56046,695,578759,60674,28489,9626,38115,98789,7091,9664,5850,10.1,563528,15514,25169,4870,93505,44034,113557,30839,18432,117501,281135,251096,135933,417068,368597,280281,228315,3898,915,4813,233128,220502,12626,205377,27751,0.0541590885693696,0.119037610239868,97093,9683.82349129776,120.084525683402,5.96087256547846,0.775309837363601,0.484279294144886,0.234869781722617,0.203022328810437,0.720624646873742,0.636874761342804,0.485754865151125,0.433852432532367,0.170691082125721,0.0658564272866599,0.0166321387658766
